index,experiment_id,baseline,coverage_error_pp_mean,coverage_error_pp_std,coverage_error_pp_count,mean_utilization_percent_mean,mean_utilization_percent_std,mean_utilization_percent_count,calibration_overhead_percent_mean,calibration_overhead_percent_std,calibration_overhead_percent_count,coverage_error_pp_se,coverage_error_pp_ci95,mean_utilization_percent_se,mean_utilization_percent_ci95,calibration_overhead_percent_se,calibration_overhead_percent_ci95
0,EXP-H2-ONLINE_UNCERTAINTY_CALIBRATION,Fixed-quantile robust set without online recalibration,-0.017485210076095152,0.149656932096898,120,70.31626172724393,2.17690815658047,120,8.445780945634743,1.501963162237136,120,0.013661746266081659,0.02677702268152005,0.19872361716268527,0.3894982896388631,0.13710985074984516,0.26873530746969654
1,EXP-H2-ONLINE_UNCERTAINTY_CALIBRATION,Full non-convex robust UTOPF with conservative static Xi,-0.014133661291662936,0.16332789698658984,120,72.2495275381318,2.049029183670407,120,5.7030349348742835,1.5340265679169878,120,0.014909728908239217,0.029223068660148864,0.18704991748044633,0.3666178382616748,0.14003682584339416,0.27447217865305257
2,EXP-H2-ONLINE_UNCERTAINTY_CALIBRATION,KA02 linear robust UTOPF with static uncertainty scaling,-0.019117732012798882,0.15329544116969498,120,69.15424865399869,2.170078674004798,120,9.948854274383946,1.4999719641671436,120,0.013993895181891345,0.027428034556507035,0.19810017355222126,0.3882763401623537,0.13692808006661256,0.2683790369305606
3,EXP-H2-ONLINE_UNCERTAINTY_CALIBRATION,KA03 static robust uncertainty box,-0.017485210076095152,0.149656932096898,120,70.31626172724393,2.17690815658047,120,8.445780945634743,1.501963162237136,120,0.013661746266081659,0.02677702268152005,0.19872361716268527,0.3894982896388631,0.13710985074984516,0.26873530746969654
4,EXP-H2-ONLINE_UNCERTAINTY_CALIBRATION,KA04 stochastic scenario-only day-ahead DOE,-0.017485210076095152,0.149656932096898,120,70.31626172724393,2.17690815658047,120,8.445780945634743,1.501963162237136,120,0.013661746266081659,0.02677702268152005,0.19872361716268527,0.3894982896388631,0.13710985074984516,0.26873530746969654
