index,experiment_id,baseline,jain_index_mean,jain_index_std,jain_index_count,gini_coefficient_mean,gini_coefficient_std,gini_coefficient_count,worst_decile_curtailment_percent_mean,worst_decile_curtailment_percent_std,worst_decile_curtailment_percent_count,jain_index_se,jain_index_ci95,gini_coefficient_se,gini_coefficient_ci95,worst_decile_curtailment_percent_se,worst_decile_curtailment_percent_ci95
0,EXP-H3-FAIRNESS_POLICY_SURFACE,Equal-share allocator,0.7626669412301453,0.039520696713085134,120,0.38690238462555343,0.028828522416700086,120,20.866896291677797,3.0960358079297943,120,0.0036077295130128337,0.007071149845505154,0.0026316720045283307,0.005158077128875528,0.28262810847448,0.5539510926099808
1,EXP-H3-FAIRNESS_POLICY_SURFACE,KA08 alpha-fair-only allocator,0.7626669412301453,0.039520696713085134,120,0.38690238462555343,0.028828522416700086,120,20.866896291677797,3.0960358079297943,120,0.0036077295130128337,0.007071149845505154,0.0026316720045283307,0.005158077128875528,0.28262810847448,0.5539510926099808
2,EXP-H3-FAIRNESS_POLICY_SURFACE,KA10 bargaining-only allocator,0.7626669412301453,0.039520696713085134,120,0.38690238462555343,0.028828522416700086,120,20.866896291677797,3.0960358079297943,120,0.0036077295130128337,0.007071149845505154,0.0026316720045283307,0.005158077128875528,0.28262810847448,0.5539510926099808
3,EXP-H3-FAIRNESS_POLICY_SURFACE,Static DSO quota/rule-based allocation,0.7626669412301453,0.039520696713085134,120,0.38690238462555343,0.028828522416700086,120,20.866896291677797,3.0960358079297943,120,0.0036077295130128337,0.007071149845505154,0.0026316720045283307,0.005158077128875528,0.28262810847448,0.5539510926099808
4,EXP-H3-FAIRNESS_POLICY_SURFACE,Utilitarian max-utilization allocator,0.7626669412301453,0.039520696713085134,120,0.38690238462555343,0.028828522416700086,120,32.8668962916778,3.096035807929793,120,0.0036077295130128337,0.007071149845505154,0.0026316720045283307,0.005158077128875528,0.2826281084744799,0.5539510926099805
