index,experiment_id,baseline,certified_false_accept_rate_mean,certified_false_accept_rate_std,certified_false_accept_rate_count,overall_violation_rate_mean,overall_violation_rate_std,overall_violation_rate_count,runtime_reduction_vs_full_nonconvex_percent_mean,runtime_reduction_vs_full_nonconvex_percent_std,runtime_reduction_vs_full_nonconvex_percent_count,certified_false_accept_rate_se,certified_false_accept_rate_ci95,overall_violation_rate_se,overall_violation_rate_ci95,runtime_reduction_vs_full_nonconvex_percent_se,runtime_reduction_vs_full_nonconvex_percent_ci95
0,EXP-H1-CERTIFIED_TRIGGER_SECURITY,Full non-convex robust UTOPF (no screening),0.012839212592211914,0.007779033372927725,120,0.013409822899472987,0.008177931460783756,120,11.431991062896538,5.463050299716515,120,0.000710125342323002,0.001391845670953084,0.0007465395891337397,0.0014632175947021297,0.49870598032334895,0.9774637214337639
1,EXP-H1-CERTIFIED_TRIGGER_SECURITY,KA01-style sensitivity-filtered non-convex RDOE with heuristic trigger,0.012839212592211914,0.007779033372927725,120,0.028060761044449038,0.008801599727990786,120,31.04737567828116,5.463050299716514,120,0.000710125342323002,0.001391845670953084,0.0008034724521919813,0.0015748060062962834,0.49870598032334884,0.9774637214337637
2,EXP-H1-CERTIFIED_TRIGGER_SECURITY,KA02 linear robust UTOPF envelope,0.012839212592211914,0.007779033372927725,120,0.03306076104444904,0.008801599727990784,120,37.585837216742696,5.463050299716515,120,0.000710125342323002,0.001391845670953084,0.0008034724521919811,0.001574806006296283,0.49870598032334895,0.9774637214337639
3,EXP-H1-CERTIFIED_TRIGGER_SECURITY,KA22 Taylor-expansion robust screening + fallback,0.012839212592211914,0.007779033372927725,120,0.025560761044449036,0.008801599727990784,120,27.778144909050386,5.463050299716514,120,0.000710125342323002,0.001391845670953084,0.0008034724521919811,0.001574806006296283,0.49870598032334884,0.9774637214337637
4,EXP-H1-CERTIFIED_TRIGGER_SECURITY,Static DSO rule-based envelope limits,0.012839212592211914,0.007779033372927725,120,0.04056076104444904,0.008801599727990788,120,47.39352952443501,5.463050299716511,120,0.000710125342323002,0.001391845670953084,0.0008034724521919814,0.0015748060062962836,0.4987059803233486,0.9774637214337633
