index,experiment_id,baseline,delta_tool_utilization_percent_mean,delta_tool_utilization_percent_std,delta_tool_utilization_percent_count,delta_tool_violation_pp_mean,delta_tool_violation_pp_std,delta_tool_violation_pp_count,reproducibility_pass_rate_percent_mean,reproducibility_pass_rate_percent_std,reproducibility_pass_rate_percent_count,delta_tool_utilization_percent_se,delta_tool_utilization_percent_ci95,delta_tool_violation_pp_se,delta_tool_violation_pp_ci95,reproducibility_pass_rate_percent_se,reproducibility_pass_rate_percent_ci95
0,EXP-H4-CROSS_SOLVER_SHADOW_MODE,Linearized DOE operating policy baseline,0.7595345570029524,0.2769119463133524,120,0.05044265728130688,0.023522551943580734,120,98.19511780019745,0.5607205991137985,120,0.02527848657308044,0.04954583368323766,0.002147305384931026,0.00420871855446481,0.05118655343207311,0.1003256447268633
1,EXP-H4-CROSS_SOLVER_SHADOW_MODE,OpenDSSDirect verification pipeline,0.7595345570029524,0.2769119463133524,120,0.05044265728130688,0.023522551943580734,120,98.35991123115454,0.5601064119145627,120,0.02527848657308044,0.04954583368323766,0.002147305384931026,0.00420871855446481,0.05113048606814772,0.10021575269356953
2,EXP-H4-CROSS_SOLVER_SHADOW_MODE,PowerModelsDistribution.jl replicated pipeline,0.7595345570029524,0.2769119463133524,120,0.05044265728130688,0.023522551943580734,120,98.35991123115454,0.5601064119145627,120,0.02527848657308044,0.04954583368323766,0.002147305384931026,0.00420871855446481,0.05113048606814772,0.10021575269356953
3,EXP-H4-CROSS_SOLVER_SHADOW_MODE,Single-tool pandapower reference pipeline,0.7595345570029524,0.2769119463133524,120,0.05044265728130688,0.023522551943580734,120,98.35991123115454,0.5601064119145627,120,0.02527848657308044,0.04954583368323766,0.002147305384931026,0.00420871855446481,0.05113048606814772,0.10021575269356953
4,EXP-H4-CROSS_SOLVER_SHADOW_MODE,Static DSO operating procedure baseline,0.7595345570029524,0.2769119463133524,120,0.05044265728130688,0.023522551943580734,120,98.03011780019743,0.5607205991137999,120,0.02527848657308044,0.04954583368323766,0.002147305384931026,0.00420871855446481,0.05118655343207324,0.10032564472686355
